Name,Type,Address,Phone,PhotoOnSite,Comments,Distance
USPS JOSE MARTI STATION,Postal,"425 NW 27TH AVE MIAMI, FL 33125",3055412782,Yes,"***BY APPOINTMENT ONLY*** To schedule an appointment, visit: http://www.usps.com/international/passport.htm",3
CITY OF MIAMI BEACH - FINANCE OFFICE,Municipal,"1755 MERIDIAN AVE MIAMI BEACH, FL 33139",3056737420,Yes,**To schedule appointments please call 305-673-7420 https://cmbappt.miamibeachfl.gov/naoa/index.jsp,3
USPS MIAMI BEACH MAIN POST OFFICE,Postal,"1300 WASHINGTON AVENUE MIAMI BEACH, FL 33139",3055385187,Yes,"***BY APPOINTMENT ONLY*** 305 672-2447 To schedule an appointment, visit: http://www.usps.com/scheduler.",3
USPS LITTLE RIVER BRANCH,Postal,"140 NE 84TH ST MIAMI, FL 33138",3057541906,Yes,"***BY APPOINTMENT ONLY*** To schedule an appointment, visit: http://www.usps.com/international/passports.htm",4
USPS OCEAN VIEW POST OFFICE,Postal,"445 W 40TH ST MIAMI BEACH, FL 33140",3055386536,Yes,"***BY APPOINTMENT ONLY*** To schedule an appointment, visit: http://www.usps.com/scheduler.",4
CITY OF MIAMI,Municipal,"3500 PAN AMERICAN DR MIAMI, FL 33133",3058592705,Yes,By Appointments Only Schedule Appointment visit www.miamigov.com/passport,5
CITY OF CORAL GABLES,Municipal,"4520 PONCE DE LEON BLVD CORAL GABLES, FL 33146",3054605351,Yes,By Appointments Only 305-460-5351 Please schedule an appointment via www.coralgables.com/passports,6
USPS HIALEAH MAIN POST OFFICE,Postal,"325 E 1ST AVE HIALEAH, FL 33010",3058895421,Yes,***By Appointments** Visit Website: https://www.usps.com/international/passports.htm,6
USPS KEY BISCAYNE BRANCH,Postal,"951 CRANDON BLVD KEY BISCAYNE, FL 33149",3053619149,Yes,"***BY APPOINTMENT ONLY*** To schedule an appointment, visit: http://www.usps.com/international/passports.htm",6
VILLAGE OF KEY BISCAYNE,Municipal,"10 VILLAGE GREEN WAY KEY BISCAYNE, FL 33149",3053658900,No,***BY APPOINTMENT ONLY*For appointments call 305-365-8900,6
USPS NORMANDY POST OFFICE,Postal,"525 71ST ST MIAMI BEACH, FL 33141",3058649868,Yes,"***BY APPOINTMENT ONLY*** To schedule an appointment, visit: http://www.usps.com/scheduler or call 1-855-864-3379",6
NORTH BAY VILLAGE - OFFICE OF THE VILLAGE CLERK,Municipal,"1666 KENNEDY CSWY NORTH BAY VILLAGE, FL 33141",3057567171,No,***By Appointment Only***Contact 305-756-7171 for further assistance or visit: https://northbayvillage-fl.gov,6
USPS MIAMI GENERAL MAIL FACILITY,Postal,"2200 NW 72ND AVE MIAMI, FL 33152",3054700381,Yes,***BY APPOINTMENT ONLY*** Call 855-864-3379 Website: http://www.usps.com/international/passports.htm,7
USPS SURFSIDE POST OFFICE,Postal,"250 95TH ST MIAMI, FL 33154",3058616054,Yes,"***BY APPOINTMENT ONLY***To schedule an appointment, visit: http://www.usp.com/international/passport.htm",7
CITY OF NORTH MIAMI,Municipal,"776 NE 125TH ST NORTH MIAMI, FL 33161",3058959817,No,To schedule appointments please call(305) 895-9817 Website: https://www.northmiamifl.gov,7
CITY OF WEST MIAMI,Municipal,"901 SW 62ND AVE WEST MIAMI, FL 33144",3052661122,Yes,By Appointments Only - For further assistance 305-266-1122,7
USPS PROMENADE BRANCH,Postal,"3690 W 18TH AVE HIALEAH, FL 33012",3058199945,Yes,***For appointment visit website: https://www.usps.com/international/passports.htm,8
USPS SOUTH MIAMI BRANCH,Postal,"5927 SW 70TH ST MIAMI, FL 33143",3056615435,Yes,"***BY APPOINTMENT ONLY*** To schedule an appointment, visit: http://www.usps.com/scheduler.",8
USPS NORTH MIAMI BRANCH,Postal,"14311 BISCAYNE BLVD NORTH MIAMI, FL 33181",3053544612,Yes,"***BY APPOINTMENT ONLY*** To schedule an appointment, visit: http://www.usps.com/scheduler.",8
NORTH MIAMI BEACH PUBLIC LIBRARY,Library,"1601 NE 164 ST NORTH MIAMI BEACH, FL 33162",3059482970,No,Appointment Only** Please call 305-948-2970 for further assistance Website: www.nmblib.com,9
USPS PALMETTO LAKES POST OFFICE,Postal,"5375 NW 159TH ST HIALEAH, FL 33014",3056237993,Yes,"***BY APPOINTMENT ONLY*** To schedule an appointment, visit: http://www.usps.com/scheduler.",10
CITY OF SWEETWATER,Municipal,"512 SW 109TH AVE SWEETWATER, FL 33174",3052073343,Yes,Appointments Only: visit website: buk.app.com,10
USPS EL MERCADO POSTAL STORE,Postal,"2440 W 60TH ST HIALEAH, FL 33016",3058229954,Yes,"***BY APPOINTMENT ONLY*** To schedule an appointment, visit: http://www.usps.com/scheduler.",11
NORTH DADE REGIONAL LIBRARY,Library,"2455 N.W. 183RD STREET MIAMI GARDENS, FL 33056",3056256424,No,Appointments Required - Please contact us at 305 625-6424 Website: www.dmpls.org,11
USPS KENDALL FINANCE UNIT,Postal,"8821 SW 136TH ST MIAMI, FL 33176",3052351546,Yes,"***BY APPOINTMENT ONLY*** To schedule an appointment, visit: http://www.usps.com/international/passports.htm",13
USPS SNAPPER CREEK BRANCH,Postal,"11000 SW 104TH ST MIAMI, FL 33116",3052700335,Yes,"***BY APPOINTMENT ONLY*** To schedule an appointment, visit: http://www.usps.com/scheduler.",13
USPS TOWN AND COUNTRY POSTAL STORE,Postal,"8266 MILLS DR MIAMI, FL 33283",3052790679,Yes,"***BY APPOINTMENT ONLY*** 1-855-864-3379 To schedule an appointment, visit: http://www.usps.com/scheduler.",13
USPS HALLANDALE MAIN POST OFFICE,Postal,"500 S FEDERAL HWY HALLANDALE BEACH, FL 33009",9544559733,Yes,"***BY APPOINTMENT ONLY*** To schedule an appointment, visit: http://www.usps.com/international/passports.htm",14
CITY OF MIRAMAR,Municipal,"2300 CIVIC CENTER PL MIRAMAR, FL 33025",9546023011,Yes,"***BY APPOINTMENT ONLY*** To schedule an appointment, visit www.miramarfl.gov",15
VILLAGE OF PALMETTO BAY,Municipal,"9705 EAST HIBISCUS ST PALMETTO BAY, FL 33157",3052591234,Yes,By Appointment Only - Please call (305)259-1234 or online at www.palmettobay-fl.gov,15
CITY OF PEMBROKE PINES,Municipal,"601 CITY CENTER WAY PEMBROKE PINES, FL 33025",9544501043,Yes,"***BY APPOINTMENT ONLY*** To schedule an appointment, visit www.ppines.com/153/Passport-Office or contact (954)450-1043.",15
BROWARD COUNTY CLERK OF COURT - SOUTH REGIONAL COURTHOUSE,Court,"3550 HOLLYWOOD BLVD HOLLYWOOD, FL 33021",9548310342,Yes,By Appointment Only - Please call 954-831-0342 Website: htttp://www.browardclerk.org,16
USPS HOLLYWOOD MAIN POST OFFICE,Postal,"1801 POLK ST HOLLYWOOD, FL 33022",9549268669,Yes,"***BY APPOINTMENT ONLY*** To schedule an appointment, visit: http://www.usps.com/scheduler.",16
USPS QUAIL HEIGHTS BRANCH,Postal,"10360 SW 186TH ST MIAMI, FL 33197",3052534910,Yes,"***BY APPOINTMENT ONLY*** To schedule an appointment, visit: http://www.usps.com/scheduler.",16
MIAMI-DADE PUBLIC LIBRARY SYSTEM - SOUTH DADE REGIONAL LIBRARY,Library,"10750 SW 211TH ST MIAMI, FL 33189",3052338140,No,BY APPOINTMENT ONLY To schedule an appointment contact (305)233-8140 Website: www.mdpls.org,17
USPS DANIA POST OFFICE,Postal,"21 NW 1ST AVE DANIA, FL 33004",9543746236,No,"***BY APPOINTMENT ONLY*** To schedule an appointment, visit: http://www.usps.com/international/passports.htm",18
CITY OF COOPER CITY,Municipal,"9090 SW 50TH PLACE COOPER CITY, FL 33328",9544344300,No,By Appointments Only Please contact us via https://www.coopercityfl.org,20
BROWARD COUNTY CLERK OF COURT - CENTRAL COURTHOUSE,Court,"201 SE 6TH ST FORT LAUDERDALE, FL 33301",9548312343,Yes,Appointment Not Required | Walk-In,23
"BROWARD COUNTY RECORDS, TAXES AND TREASURY DIVISION - PASSPORT SECTION",County / State,"115 S ANDREWS AVE FORT LAUDERDALE, FL 33301",9548314000,No,Appointment Not Required | Walk-In,23
BROWARD COUNTY CLERK OF COURT - WEST REGIONAL COURTHOUSE,Court,"100 NORTH PINE ISLAND ROAD PLANTATION, FL 33324",9548312311,Yes,By Appointment Only Please call 954-831-2311 Website: http://www.browardclerk.org,23
USPS ALRIDGE STATION,Postal,"400 NW 7TH AVE FORT LAUDERDALE, FL 33311",9545232699,Yes,"***BY APPOINTMENT ONLY*** To schedule an appointment, visit: http://www.usps.com/scheduler.",24
USPS EVERGLADES BRANCH,Postal,"6759 SW 196TH AVE FORT LAUDERDALE, FL 33332",9544348517,Yes,"***BY APPOINTMENT ONLY*** To schedule an appointment, visit: http://www.usps.com/scheduler.",25
USPS FORT LAUDERDALE MAIN POST OFFICE,Postal,"1900 W OAKLAND PARK BLVD FORT LAUDERDALE, FL 33310",9545273245,Yes,"***BY APPOINTMENT ONLY*** To schedule an appointment, visit: http://www.usps.com/scheduler.",26
USPS SUNRISE BRANCH,Postal,"3225 N HIATUS RD SUNRISE, FL 33345",9547464910,Yes,"***BY APPOINTMENT ONLY*** To schedule an appointment, visit: http://www.usps.com/scheduler.",27
USPS HOMESTEAD MAIN POST OFFICE,Postal,"739 WASHINGTON AVE HOMESTEAD, FL 33030",3052474689,Yes,"***BY APPOINTMENT ONLY*** To schedule an appointment, visit: https://www.usps.com/international/passports.htm",28
CITY OF CORAL SPRINGS - CITY HALL IN THE MALL,Municipal,"9239 W ATLANTIC BLVD CORAL SPRINGS, FL 33071",9543441828,Yes,APPOINTMENTS: TUES/THURS 3:00PM-5:00PM SATURDAY: 10:00AM-4:00PM TO MAKE AN APPOINTMENT VISIT: WWW.CORALSPRINGS.ORG/PASSPORT,32
BROWARD COUNTY CLERK OF COURT - NORTH REGIONAL COURTHOUSE,Court,"1600 W HILLSBORO BLVD DEERFIELD BEACH, FL 33442",9548311456,Yes,By Appointment Only - Please call 954-831-1456 Website: http://www.browardclerk.org,36
USPS DEERFIELD BEACH POST OFFICE,Postal,"212 E HILLSBORO BLVD DEERFIELD BEACH, FL 33441",9544210812,Yes,"***BY APPOINTMENT ONLY*** To schedule an appointment, visit: http://www.usps.com/international/passports.htm",36
USPS DOWNTOWN BOCA RATON POST OFFICE,Postal,"170 NE 2ND ST BOCA RATON, FL 33432",5613628136,Yes,"***BY APPOINTMENT ONLY*** To schedule an appointment, visit: http://www.usps.com/scheduler.",39
PALM BEACH COUNTY CLERK OF COURT- SOUTH COUNTY COURTHOUSE,Court,"200 W ATLANTIC AVE DELRAY BEACH, FL 33444",5612741588,No,By Appointments Only https://www.mypalmbeachclerk.com/records/passports/request-passport-appointment,46
USPS BOYNTON BEACH MAIN POST OFFICE,Postal,"1530 W BOYNTON BEACH BLVD BOYNTON BEACH, FL 33436",5617371702,Yes,"***BY APPOINTMENT ONLY*** To schedule an appointment, visit: http://www.usps.com/scheduler.",50
CITY OF GREENACRES - CITY HALL,Municipal,"5800 MELALEUCA LANE GREENACRES, FL 33463",5616422024,Yes,Website: www.greenacresfl.gov,56
USPS TAVERNIER POST OFFICE,Postal,"91220 OVERSEAS HWY TAVERNIER, FL 33070",3058531230,Yes,"***BY APPOINTMENT ONLY*** To schedule an appointment, visit: http://www.usps.com/scheduler.",57
PALM BEACH COUNTY LIBRARY SYSTEM - MAIN LIBRARY,Library,"3650 SUMMIT BLVD. WEST PALM BEACH, FL 33406",5612332788,No,By Appointment Only Please call (561)233-2788 for further assistance. http://www.pbclibrary/passport,61
USPS PALMS WEST POST OFFICE,Postal,"10299 SOUTHERN BLVD ROYAL PALM BEACH, FL 33411",5612463482,Yes,"***BY APPOINTMENT ONLY*** To schedule an appointment, visit: http://www.usps.com/scheduler.",64
USPS DOWNTOWN WEST PALM BEACH POST OFFICE,Postal,"640 CLEMATIS ST WEST PALM BEACH, FL 33401",5618330929,Yes,"***BY APPOINTMENT ONLY*** To schedule an appointment, visit: http://www.usps.com/scheduler.",64
USPS HAVERHILL STATION,Postal,"3900 N HAVERHILL RD WEST PALM BEACH, FL 33417",5616830683,Yes,"***BY APPOINTMENT ONLY*** To schedule an appointment, visit: http://www.usps.com/scheduler.",64
USPS WEST PALM BEACH MOWU,Postal,"3200 SUMMIT BLVD WEST PALM BEACH, FL 33416",5616972123,Yes,Appointments- Website: usps.com/scheduler,64
PALM BEACH COUNTY CLERK OF COURT - WEST COUNTY COURTHOUSE,Court,"2950 STATE ROAD 15 BELLE GLADE, FL 33430",5619964843,No,Appointment Required via phone 561-996-4843 or website: www.mypalmbeachclerk.com,67
USPS RIVIERA BEACH POST OFFICE,Postal,"1905 W BLUE HERON BLVD RIVIERA BEACH, FL 33404",5618411920,Yes,***BY APPOINTMENT ONLY**To schedule an appointment visit: http://www.usps.com/international/passports.htm,69
USPS SOUTH BAY POST OFFICE,Postal,"190 U.S. HIGHWAY 27 SOUTH SOUTH BAY, FL 33493",5619965390,Yes,***No Appointment Required*** Tel. 561 983-9105,70
USPS ISLAMORADA POST OFFICE,Postal,"82801 OVERSEAS HWY ISLAMORADA, FL 33036",3056644738,Yes,"***BY APPOINTMENT ONLY*** To schedule an appointment, visit: http://www.usps.com/scheduler.",71
COLLIER COUNTY CLERK OF COURT - EVERGLADES CITY HALL,Court,"102 COPELAND AVE EVERGLADES CITY, FL 34139",2396952511,No,Appointment Not Required | Walk-In,73
PALM BEACH COUNTY CLERK OF COURT - NORTH COUNTY COURTHOUSE,Court,"3188 PGA BLVD PALM BEACH GARDENS, FL 33410",5616246650,No,Appointment Required - Please call 561-624-6650 or visit Website: https://www.mypalmbeachclerk.com/records/passports,74
USPS PALM BEACH GARDENS BRANCH,Postal,"3330 FAIRCHILD GARDENS AVE PALM BEACH GARDENS, FL 33410",5617994068,Yes,***By Appointment Only** Visit our Website: https://www.usps.com/international/passports.htm,74
COLLIER COUNTY CLERK OF COURT - IMMOKALEE COURTHOUSE,Court,"106 S 1ST ST IMMOKALEE, FL 34142",2392522909,No,Appointment Not Required | Walk-In Please call 239-252-2909,76
COLLIER COUNTY CLERK OF COURT - EAGLE CREEK SATELLITE OFFICE,Court,"6654 COLLIER BLVD. #101 NAPLES, FL 34114",2392522654,No,No Appointments Required - Walk-ins Welcomed,85
MARTIN COUNTY CLERK OF COURT - HOBE SOUND BRANCH OFFICE,Court,"11730 SE FEDERAL HWY HOBE SOUND, FL 33455",7725461308,Yes,For appointments please call 772-546-1308 Website: www.martincountyclerk.com,86
HENDRY COUNTY CLERK OF CIRCUIT COURT,Court,"25 E HICKPOCHEE AVE LABELLE, FL 33935",8636755217,Yes,By Appointments Only Please contact us at 863-675-5217 OR 863-675-5216 for further assistance. Website: wwwhendryclerk.org,91
USPS MARATHON POST OFFICE,Postal,"5171 OVERSEAS HWY MARATHON, FL 33050",3057435238,Yes,***By Appointment Only***Contact 305-743-5238 for Further Assistance.,92
USPS INDIANTOWN POST OFFICE,Postal,"15300 SW ADAMS AVE INDIANTOWN, FL 34956",7725972406,Yes,"***BY APPOINTMENT ONLY*** To schedule an appointment, visit: http://www.usps.com/scheduler.",93
MARTIN COUNTY CLERK OF COURT - COURTHOUSE STUART OFFICE,Court,"100 SE OCEAN BLVD STUART, FL 34994",7722885553,Yes,For appointment please call 772-288-5553 Website: www.martinclerk.com,96
COLLIER COUNTY CLERK OF CIRCUIT COURT - MAIN OFFICE,Court,"3315 E TAMIAMI TRL E NAPLES, FL 34112",2392527242,No,Appointments please call (239)252-7242 for further assistance. Visit Website: collierclerk.com,98
COLLIER COUNTY CLERK OF COURT - GOLDEN GATE ANNEX,Court,"4715 GOLDEN GATE PKWY NAPLES, FL 34116",2392522750,No,Appointment Not Required | Walk-In,98
USPS JENSEN BEACH POST OFFICE,Postal,"2301 NE SAVANNAH RD JENSEN BEACH, FL 34957",7722320869,Yes,"***BY APPOINTMENT ONLY*** To schedule an appointment, visit: http://www.usps.com/scheduler.",100
COLLIER COUNTY CLERK OF COURT - NORTH COLLIER GOVERNMENT SERVICES CENTER,Court,"2335 ORANGE BLOSSOM DR NAPLES, FL 34109",2392525477,No,Appointment Not Required | Walk-In,102
GLADES COUNTY CLERK OF COURT,Court,"500 AVE J MOORE HAVEN, FL 33471",8639466010,No,Appointment Not Required | Walk-In,103
USPS BONITA SPRINGS POST OFFICE,Postal,"26150 OLD 41ST ROAD BONITA SPRINGS, FL 34135",2399929742,Yes,"***BY APPOINTMENT ONLY*** For appointments, visit www.usps.com/scheduler",104
USPS BIG PINE KEY POST OFFICE,Postal,"29959 OVERSEAS HWY BIG PINE KEY, FL 33043",3058722531,Yes,"***BY APPOINTMENT ONLY*** To schedule an appointment, visit: http://www.usps.com/international/passports.htm",105
USPS LEHIGH ACRES POST OFFICE,Postal,"1201 BUSINESS WAY LEHIGH ACRES, FL 33936",2393698911,Yes,"***BY APPOINTMENT ONLY*** To schedule an appointment, visit: http://www.usps.com/scheduler.",105
CLERK AND COMPTROLLER ST. LUCIE COUNTY - SOUTH COUNTY ANNEX,Court,"250 NW COUNTRY CLUB DR PORT ST. LUCIE, FL 34986",7728717200,Yes,By appointment only at Website: www.stlucieclerk.com,107
USPS ALVA POST OFFICE,Postal,"17301 BROADWAY ST ALVA, FL 33920",2397283924,Yes,"***BY APPOINTMENT ONLY*** To schedule an appointment, visit: http://www.usps.com/scheduler.",109
USPS FORT PIERCE MAIN POST OFFICE,Postal,"5000 W MIDWAY RD FORT PIERCE, FL 34981",7724600841,Yes,"***BY APPOINTMENT ONLY*** To schedule an appointment, visit: http://www.usps.com/scheduler or call 855-864-3379",111
CLERK AND COMPTROLLER ST. LUCIE COUNTY - MAIN OFFICE,Court,"201 S INDIAN RIVER DR FT. PIERCE, FL 34950",7724623207,Yes,By appointment only at Website: stlucieclerk.com,115
USPS SUMMERLAND KEY POST OFFICE,Postal,"24700 OVERSEAS HWY SUMMERLAND KEY, FL 33042",3057453391,Yes,"***BY APPOINTMENT ONLY*** To schedule an appointment, visit: http://www.usps.com/international/passports.htm",115
FLORIDA GULF COAST UNIVERSITY (FGCU) INTERNATIONAL SERVICES OFFICE,School,"10501 FGCU BOULEVARD SOUTH FORT MYERS, FL 33965",2395907925,No,For appointments contact 239-590-7925,116
USPS PAGE FIELD POST OFFICE,Postal,"2655 N AIRPORT RD FORT MYERS, FL 33907",2392773336,Yes,"***BY APPOINTMENT ONLY*** To schedule an appointment, visit: http://www.usps.com/scheduler.",117
LEE COUNTY CLERK OF COURT,Court,"2115 2ND ST FT. MYERS, FL 33901",2395335007,No,By Appointments Only Please contact us at 239-533-5007,119
CITY OF CAPE CORAL,Municipal,"1015 CULTURAL PARK BLVD CAPE CORAL, FL 33990",2395740411,Yes,By Appointments Only Please call 239-574-0411 for further assistance,123
OKEECHOBEE COUNTY CLERK OF CIRCUIT COURT,Court,"312 NW 3RD ST OKEECHOBEE, FL 34972",8637632131,No,***No Appointments Required***,123
MONROE COUNTY TAX COLLECTOR,County / State,"1200 TRUMAN AVENUE KEY WEST, FL 33040",3052955000,Yes,By Appointments Only Please contact 305-295-5000 for further assistance,125
THE COLLEGE OF THE FLORIDA KEYS,School,"5901 COLLEGE RD KEY WEST, FL 33040",3058093186,No,No appointments necessary - you may call (305) 809-3186 - Website: https://www.cfk.edu/community-resources/us-passport,125
USPS KEY WEST POST OFFICE,Postal,"400 WHITEHEAD ST KEY WEST, FL 33040",3052943982,Yes,"***BY APPOINTMENT ONLY*** To schedule an appointment, visit: http://www.usps.com/international/passports.htm",125
USPS LAKE PLACID POST OFFICE,Postal,"901 HILLCREST AVE LAKE PLACID, FL 33852",8636996777,Yes,"***BY APPOINTMENT ONLY*** (863) 699-6777 To schedule an appointment, visit: http://www.usps.com/scheduler.",126
INDIAN RIVER COUNTY CLERK OF COURT - VERO BEACH COURTHOUSE,Court,"2000 16TH AVE VERO BEACH, FL 32960",7722263100,No,Appointment only - visit our Website: www.clerk.indian-river.org,128
USPS BOKEELIA MAIN POST OFFICE,Postal,"15980 STRINGFELLOW RD BOKEELIA, FL 33922",2392834258,Yes,"***BY APPOINTMENT ONLY*** To schedule an appointment, visit: http://www.usps.com/scheduler.",134
CHARLOTTE COUNTY CLERK OF COURT - CHARLOTTE COUNTY JUSTICE CENTER,Court,"350 E MARION AVE PUNTA GORDA, FL 33950",9416372335,No,Appointment Not Required | Walk-In,138
USPS FELLSMERE POST OFFICE,Postal,"15 N OAK ST FELLSMERE, FL 32948",7725718315,Yes,***BY APPOINTMENT ONLY*** To schedule an appointment you may call 321 571-8315 or visit: http://www.usps.com/scheduler.,139
USPS SEBRING MAIN POST OFFICE,Postal,"518 N RIDGEWOOD DR SEBRING, FL 33870",8633820578,Yes,"***BY APPOINTMENT ONLY*** To schedule an appointment, visit: http://www.usps.com/scheduler.",141
DESOTO COUNTY CLERK OF COURT,Court,"115 EAST OAK STREET ARCADIA, FL 34266",8639934876,Yes,By Appointment Only - Please contact us at 863-993-4876,142
ROSELAND POST OFFICE,Postal,"13305 ROSELAND ROAD ROSELAND, FL 32957",7725895095,Yes,"***BY APPOINTMENT ONLY*** To schedule an appointment, visit: http://www.usps.com/scheduler",142
USPS LAKE JACKSON BRANCH,Postal,"829 MALL RING RD SEBRING, FL 33872",8633824633,No,"***BY APPOINTMENT ONLY*** To schedule an appointment, visit: http://www.usps.com/scheduler.",143
CHARLOTTE COUNTY CLERK OF COURT- MURDOCK ADMINISTRATION BUILDING,Court,"18500 MURDOCK CIR PORT CHARLOTTE, FL 33948",9416372335,No,Appointment Not Required | Walk-In,146
BREVARD COUNTY CLERK OF COURT - PALM BAY OFFICE,Court,"450 COGAN DR SE PALM BAY, FL 32909",3216375413,No,Appointment Not Required | Walk-In,149
USPS ENGLEWOOD MAIN POST OFFICE,Postal,"950 S RIVER RD ENGLEWOOD, FL 34223",9414758372,Yes,"***BY APPOINTMENT ONLY*** To schedule an appointment, visit: http://www.usps.com/scheduler.",157
CITY OF PALM BAY,Municipal,"120 MALABAR RD PALM BAY, FL 32907",3217333023,No,Appointments Required Please contact us at (321)733-3023,157
HARDEE COUNTY CLERK OF COURT,Court,"417 W MAIN ST WAUCHULA, FL 33873",8637734174,Yes,For appointments please call 863-773-4174 Website: www.hardeeclerk.com,158
USPS WAUCHULA MAIN POST OFFICE,Postal,"300 E MAIN ST WAUCHULA, FL 33873",8637735811,Yes,"***BY APPOINTMENT ONLY*** To schedule an appointment, visit: http://www.usps.com/scheduler.",158
BREVARD COUNTY CLERK OF COURT - MELBOURNE BRANCH COURTHOUSE,Court,"51 S NIEMAN AVE MELBOURNE, FL 32901",3216375413,Yes,Appointment Not Required | Walk-In,160
USPS MELBOURNE MAIN POST OFFICE,Postal,"640 E NEW HAVEN AVE MELBOURNE, FL 32901",3217241488,Yes,"***BY APPOINTMENT ONLY*** To schedule an appointment, visit: http://www.usps.com/scheduler.",160
SARASOTA COUNTY CLERK OF COURT - VENICE BRANCH,Court,"4000 S TAMIAMI TRAIL VENICE, FL 34293",9418617436,Yes,By Appointments Only Please call 941-861-7436 for further assistance,161
BREVARD COUNTY CLERK OF COURT - MOORE JUSTICE CENTER,Court,"2825 JUDGE FRAN JAMISON WAY VIERA, FL 32940",3216375413,Yes,No Appointment Required / Walk-Ins Welcome,171
POLK COUNTY CLERK OF COURT - BARTOW BRANCH,Court,"255 N BROADWAY AVE BARTOW, FL 33830",8635344000,Yes,For Appointments please call 863-534-4000 Website: https://www.polkcountyclerk.net,174
USPS GULF GATE POST OFFICE,Postal,"2875 ASHTON RD SARASOTA, FL 34231",9419226522,Yes,"***BY APPOINTMENT ONLY*** To schedule an appointment, visit: http://www.usps.com/rcas.htm",176
USPS HAINES CITY POST OFFICE,Postal,"1051 STATE ROAD 544 E HAINES CITY, FL 33844",8634222901,Yes,"***BY APPOINTMENT ONLY*** To schedule an appointment, visit: http://www.usps.com/scheduler.",179
USPS WINTER HAVEN MAIN POST OFFICE,Postal,"111 W CENTRAL AVE WINTER HAVEN, FL 33880",8632993296,Yes,"***BY APPOINTMENT ONLY*** To schedule an appointment, visit: http://www.usps.com/scheduler.",179
SARASOTA COUNTY CLERK OF COURT - MAIN OFFICE,Court,"2000 MAIN ST SARASOTA, FL 34236",9418617436,Yes,By Appointment Only Please call 941-861-7436 for further assistance Website: www.sarasotaclerk.com,180
CITY OF COCOA - OFFICE OF THE CITY CLERK,Municipal,"65 STONE ST COCOA, FL 32922",3214338480,No,"***BY APPOINTMENT ONLY*** To schedule an appointment, please contact (321)433-8480 Website: www.cocoafl.org",181
POLK COUNTY CLERK OF COURT - NORTHEAST BRANCH,Court,"3425 LAKE ALFRED RD WINTER HAVEN, FL 33881",8635344000,Yes,For appointment please contact 863-534-4000,182
USPS COCOA POST OFFICE,Postal,"2000 STATE ROAD 524 COCOA, FL 32926",3216327190,Yes,"***BY APPOINTMENT ONLY*** To schedule an appointment, visit: http://www.usps.com/scheduler.",184
USPS ONECO POST OFFICE,Postal,"2333 53RD AVE E ONECO, FL 34264",9417524019,Yes,"***BY APPOINTMENT ONLY*** To schedule an appointment, visit: http://www.usps.com/scheduler.",185
USPS WIMAUMA POST OFFICE,Postal,"5608 STATE ROAD 674 WIMAUMA, FL 33598",8136344282,Yes,"***BY APPOINTMENT ONLY*** To schedule an appointment, visit: http://www.usps.com/scheduler.",186
BREVARD COUNTY CLERK OF COURT - MERRITT ISLAND OFFICE,Court,"2575 N COURTENAY PKWY MERRITT ISLAND, FL 32953",3216375413,Yes,***Appointment Not Required | Walk-In***,187
MANATEE COUNTY CLERK OF COURT,Court,"1115 MANATEE AVE W BRADENTON, FL 34205",9417414022,Yes,For appointment please call 941-741-4022 Website: www.manateeclerk.com,188
POLK COUNTY CLERK OF COURT - LAKELAND BRANCH,Court,"930 E PARKER ST LAKELAND, FL 33801",8635344000,Yes,For appointment please call 863-534-4000 Website: wwwpolkcountyclerk.net,188
OSCEOLA COUNTY CLERK OF COURT - MAIN OFFICE,Court,"2 COURTHOUSE SQ KISSIMMEE, FL 34741",4077423530,No,By Appointment Only - Please call 407-742-3530 Website: www.osceolaclerk.com,190
USPS LAKELAND MAIN POST OFFICE,Postal,"2800 LAKELAND HILLS BLVD LAKELAND, FL 33805",8638022000,Yes,"BY APPOINTMENT ONLY - To schedule an appointment, visit: http://www.usps.com/scheduler.",192
USPS PLANT CITY POST OFFICE,Postal,"2501 WALDEN WOODS DR PLANT CITY, FL 33566",8137196733,Yes,"***BY APPOINTMENT ONLY*** To schedule an appointment, visit: http://www.usps.com/scheduler.",192
USPS RIVERVIEW POST OFFICE,Postal,"10810 BOYETTE RD RIVERVIEW, FL 33569",8136724562,Yes,***BY APPOINTMENT ONLY*** To schedule an appointment visit www.usps.com/scheduler,192
USPS CHRISTMAS POST OFFICE,Postal,"23580 E COLONIAL DR CHRISTMAS, FL 32709",4075682941,Yes,"***BY APPOINTMENT ONLY*** To schedule an appointment, visit: http://www.usps.com/scheduler.",193
USPS CORTEZ POST OFFICE,Postal,"12112 44TH AVE W CORTEZ, FL 34215",9417941219,Yes,"***BY APPOINTMENT ONLY*** To schedule an appointment, visit: http://www.usps.com/scheduler.",193
USPS SOUTH CREEK POST OFFICE,Postal,"1701 WEST WETHERBEE ROAD ORLANDO, FL 32837",4078556558,Yes,***BY APPOINTMENT ONLY*** Visit http://www.usps.com/scheduler to make an appointment.,194
BREVARD COUNTY CLERK OF COURT - PARKWAY COMPLEX,Court,"700 S PARK AVE TITUSVILLE, FL 32780",3216372006,Yes,Appointment Not Required | Walk-In,194
BREVARD COUNTY CLERK OF COURTS - FULL SERVICE COUNTER,Court,"400 SOUTH ST TITUSVILLE, FL 32780",3216375413,No,Appointment Not Required | Walk-In,194
USPS BRANDON POST OFFICE,Postal,"1315 OAKFIELD DR BRANDON, FL 33511",8136611503,Yes,"***BY APPOINTMENT ONLY*** To schedule an appointment, visit: http://www.usps.com/scheduler.",195
HILLSBOROUGH COUNTY CLERK OF COURT - PLANT CITY BRANCH,Court,"301 N MICHIGAN AVE PLANT CITY, FL 33563",8132768100,No,***By Appointment Only***Contact 813-307-7178 for Further Assistance.,195
USPS VALRICO POST OFFICE,Postal,"2406 STATE ROAD 60 E VALRICO, FL 33594",8136570495,Yes,To schedule an appointment visit www.usps.com/scheduler,195
USPS POLK CITY POST OFFICE,Postal,"112 CARTER BLVD POLK CITY, FL 33868",8639844547,Yes,"***BY APPOINTMENT ONLY*** To schedule an appointment, visit: http://tools.usps.com/rcas.htm",197
USPS ALAFAYA POST OFFICE,Postal,"650 NORTH ALAFAYA TRAIL ORLANDO, FL 32828",4072736788,Yes,"***BY APPOINTMENT ONLY*** To schedule an appointment, visit: http://www.usps.com/scheduler.",199
USPS FALKENBURG BRANCH,Postal,"10121 E ADAMO DR TAMPA, FL 33619",8136260654,Yes,"***BY APPOINTMENT ONLY*** To schedule an appointment, visit: http://www.usps.com/scheduler.",199
USPS SAND LAKE BRANCH,Postal,"10450 TURKEY LAKE RD ORLANDO, FL 32819",4073510613,Yes,"***BY APPOINTMENT ONLY*** To schedule an appointment, visit: http://www.usps.com/scheduler.",200
USPS DIXIE VILLAGE STATION,Postal,"2860 DELANEY AVE ORLANDO, FL 32806",4074252868,Yes,"***BY APPOINTMENT ONLY*** To schedule an appointment, visit: http://www.usps.com/scheduler.",201
KATHLEEN POST OFFICE,Postal,"6136 KATHLEEN ROAD KATHLEEN, FL 33849",8638162201,Yes,"***BY APPOINTMENT ONLY*** To schedule an appointment, visit: http://www.usps.com/scheduler",203
ORANGE COUNTY CLERK OF COURT - ORANGE COUNTY COURTHOUSE,Court,"425 N ORANGE AVE ORLANDO, FL 32801",4078362000,Yes,By Appointment only schedule online at www.myorangeclerk.com,203
USPS DOWNTOWN ORLANDO STATION,Postal,"51 E JEFFERSON ST ORLANDO, FL 32801",4074233709,Yes,"***BY APPOINTMENT ONLY*** To schedule an appointment, visit: http://www.usps.com/scheduler.",203
USPS ORLANDO MOWU,Postal,"10401 POST OFFICE BOULEVARD ORLANDO, FL 32862",4078506334,Yes,"***BY APPOINTMENT ONLY*** To schedule an appointment, visit: http://www.usps.com/scheduler.",203
PINELLAS COUNTY CLERK OF COURT - ST. PETERSBURG BRANCH OFFICE,Court,"545 1ST AVE N ST. PETERSBURG, FL 33701",7274647000,Yes,Appointment Not Required | Walk-In Website: mypinellasclerk.org,203
UNIVERSITY OF CENTRAL FLORIDA - THE SPOT,School,"106 AQUARIUS AGORA DR ORLANDO, FL 32816",4078232500,Yes,Appointment Not Required | Walk-In Website: spot.ucf.edu,204
USPS HERNDON POST OFFICE,Postal,"821 HERNDON AVE ORLANDO, FL 32814",4078973469,Yes,"***BY APPOINTMENT ONLY*** To schedule an appointment, visit: http://www.usps.com/scheduler.",204
USPS GULFWINDS STATION,Postal,"4222 22ND AVE S ST. PETERSBURG, FL 33711",7273278469,Yes,"***BY APPOINTMENT ONLY*** To schedule an appointment call 727-327-8469, visit: http://www.usps.com/scheduler.",205
HILLSBOROUGH COUNTY CLERK OF COURT - DOWNTOWN TAMPA,Court,"419 PIERCE ST TAMPA, FL 33602",8132768100,No,"***BY APPOINTMENT ONLY*** To schedule an appointment, visit: WWW.HILLSCLERK.COM",205
ORANGE COUNTY CLERK OF COURT - WINTER PARK BRANCH,Court,"450 N LAKEMONT AVE WINTER PARK, FL 32792",4078366000,Yes,By Appointment only- schedule appointment: myorangeclerk.com,206
GULFPORT PUBLIC LIBRARY,Library,"5501 28TH AVE S GULFPORT, FL 33707",7278931074,No,By Appointment Only Please call 727-893-1074 or go to https://mygulfport.us/gpl/passports/ for further assistance,207
USPS MIMS POST OFFICE,Postal,"3405 KELLY RD MIMS, FL 32754",3212675122,Yes,Appointments - Website: usps.com/scheduler http://tools.usps.com,207
USPS GATEWAY STATION,Postal,"701 77TH AVE N ST. PETERSBURG, FL 33702",7275782802,Yes,"***BY APPOINTMENT ONLY*** To schedule an appointment, visit: http://www.usps.com/scheduler.",207
USPS TAMPA MOWU,Postal,"3501 BESSIE COLEMAN BLVD TAMPA, FL 33630",8138770395,Yes,"***BY APPOINTMENT ONLY*** To schedule an appointment, visit: http://www.usps.com/scheduler.",208
ORANGE COUNTY CLERK OF COURT - OCOEE BRANCH,Court,"475 STORY RD OCOEE, FL 34761",4078362007,Yes,Appointment Required- To schedule appointment: myorangeclerk.com,209
USF SHIMBERG HEALTH SCIENCES LIBRARY,Library,"12901 BRUCE B. DOWNS TAMPA, FL 33612",8139748432,No,For Scheduling an Appointment visit: https://health.usf.edu/libraries/passport-information,209
USPS NEW TAMPA POST OFFICE,Postal,"16350 BRUCE B DOWNS BLVD TAMPA, FL 33647",8139107987,Yes,"***BY APPOINTMENT ONLY*** Including Saturdays To schedule an appointment, visit: http://tools.usps.com/rcas.htm",209
USPS ZEPHYRHILLS POST OFFICE,Postal,"38032 POSTAL DR ZEPHYRHILLS, FL 33542",8137150149,Yes,"***BY APPOINTMENT ONLY*** To schedule an appointment, visit: http://www.usps.com/passports",209
USPS CASSELBERRY MAIN POST OFFICE,Postal,"109 LIVE OAKS BLVD CASSELBERRY, FL 32707",4073397288,Yes,"***BY APPOINTMENT ONLY*** To schedule an appointment, visit: http://www.usps.com/scheduler.",210
USPS ORLANDO LOCKHART BRANCH,Postal,"5087 EDGEWATER DRIVE ORLANDO, FL 32810",4072925835,Yes,"***BY APPOINTMENT ONLY*** To schedule an appointment, visit: http://www.usps.com/scheduler.",210
USPS WINTER SPRINGS POST OFFICE,Postal,"1065 E STATE ROAD 434 WINTER SPRINGS, FL 32708",4073274569,Yes,"***BY APPOINTMENT ONLY*** To schedule an appointment, visit: http://www.usps.com/international/passports.htm",211
USPS EHRLICH BRANCH,Postal,"14910 NORTH DALE MABRY HIGHWAY TAMPA, FL 33618",8139083478,Yes,"***BY APPOINTMENT ONLY*** To schedule an appointment, visit: http://www.usps.com/scheduler.",212
LAKE COUNTY CLERK - CLERMONT,Court,"290 CITRUS TOWER BLVD. SUITE 116 CLERMONT, FL 34711",3523942018,Yes,Appointment required - please call 352-394-2018 Website: www.lakecountyclerk.org,213
USPS OAK HILL POST OFFICE,Postal,"129 EAST HALIFAX AVENUE OAK HILL, FL 32759",3863453574,Yes,For appointments please call 386-345-3574 or visit website: usps.com,213
USPS SEMINOLE POST OFFICE,Postal,"9355 113TH ST SEMINOLE, FL 33772",7273940847,Yes,"***BY APPOINTMENT ONLY*** To schedule an appointment, visit: http://www.usps.com/scheduler.",214
SEMINOLE COUNTY CLERK OF COURT - RECORDS CENTER,Court,"1750 E LAKE MARY BLVD SANFORD, FL 32773",4076654405,Yes,"For Appointment please call 407-665-4405 - Walk-ins accepted starting June 1, 2021 Website: seminoleclerk.org",215
PASCO COUNTY CLERK OF COURT - EAST PASCO GOVERNMENT CENTER,Court,"14236 6TH ST DADE CITY, FL 33523",3525214406,Yes,Appointment Not Required | Walk-In,216
USPS LAND O LAKES MAIN POST OFFICE,Postal,"5230 LAND O LAKES BLVD LAND O LAKES, FL 34639",8139961257,Yes,"***BY APPOINTMENT ONLY*** To schedule an appointment, visit: http://www.usps.com/scheduler.",217
PINELLAS COUNTY CLERK OF COURT - CLEARWATER BRANCH,Court,"315 COURT ST CLEARWATER, FL 33756",7274647000,Yes,Appointment Not Required | Walk-In,218
USPS CLEARWATER MAIN POST OFFICE,Postal,"100 S BELCHER RD CLEARWATER, FL 33765",7274642906,Yes,"***BY APPOINTMENT ONLY*** To schedule an appointment, visit: http://www.usps.com/scheduler.",218
USPS INDIAN ROCKS BEACH POST OFFICE,Postal,"204 4TH AVE INDIAN ROCKS BEACH, FL 33785",7275962894,Yes,"***BY APPOINTMENT ONLY*** To schedule an appointment, visit: http://www.usps.com/scheduler.",218
ORANGE COUNTY CLERK OF COURT - APOPKA BRANCH,Court,"1111 N ROCK SPRINGS RD APOPKA, FL 32712",4078362007,Yes,***Appointments Required*** To schedule an appointment: myorangeclerk.com,219
USPS OLDSMAR POST OFFICE,Postal,"3905 TAMPA RD OLDSMAR, FL 34677",8138544660,Yes,"***BY APPOINTMENT ONLY*** To schedule an appointment, visit: http://www.usps.com/scheduler.",219
PINELLAS COUNTY CLERK OF COURT - NORTH COUNTY BRANCH,Court,"29582 US HWY 19 N CLEARWATER, FL 33761",7274647000,Yes,Appointment Not Required | Walk-In Website: http://www.mypinellasclerk.org,220
USPS DEBARY POST OFFICE,Postal,"133 S CHARLES RICHARD BEALL BLVD DEBARY, FL 32713",3866685468,Yes,To schedule an appointment for passport services Website: usps.com/scheduler,224
USPS EDGEWATER POST OFFICE,Postal,"400 S RIDGEWOOD AVE EDGEWATER, FL 32132",3864286656,Yes,Appointment Not Required | Walk-In,225
LAKE COUNTY CLERK OF COURT - LAKE COUNTY COURTHOUSE,Court,"550 W MAIN ST TAVARES, FL 32778",3522532648,Yes,By Appointments Only**Please call 352-253-2648 for further assistance - Website: www.lakecountyclerk.org,226
PASCO COUNTY CLERK OF COURT - WEST PASCO GOVERNMENT CENTER,Court,"8731 CITIZENS DR NEW PORT RICHEY, FL 34654",7278478086,Yes,Appointment Not Required | Walk-In Website: pascoclerk.com,228
USPS NEW PORT RICHEY MAIN POST OFFICE,Postal,"6550 MAIN ST NEW PORT RICHEY, FL 34653",7278471659,Yes,"***BY APPOINTMENT ONLY*** To schedule an appointment, visit: http://www.usps.com/scheduler.",229
US POSTAL SERVICE LAKE HELEN FL,Postal,"104 E. MICHIGAN AVE. LAKE HELEN, FL 32744",3862282227,Yes,For appointments visit website: usps.com,230
EUSTIS MEMORIAL LIBRARY,Library,"120 NORTH CENTER STREET EUSTIS, FL 32726",3523575686,Yes,By Appointments Only Please Call 352-357-5686 for further assistance,231
SUMTER COUNTY CLERK OF COURT - MAIN OFFICE,Court,"215 E MCCOLLUM AVE BUSHNELL, FL 33513",3525696600,Yes,Appointment Not Required | Walk-In Website: sumterclerk.com,233
LAKE COUNTY LIBRARY SYSTEM - LEESBURG PUBLIC LIBRARY,Library,"100 E MAIN ST LEESBURG, FL 34748",3527289790,Yes,BY APPOINTMENT ONLY please contact (352)728-9790. Website: wwwleesburgflorida.gov/library,233
VOLUSIA COUNTY CLERK OF COURT - VOLUSIA COUNTY COURTHOUSE,Court,"101 N ALABAMA AVE DELAND, FL 32724",3867365913,Yes,***No Appointment Required***Contact 386-736-5913 for further assistance. Website: www.clerk.org,234
BROOKSVILLE MAIN POST OFFICE,Postal,"19101 CORTEZ BLVD. BROOKSVILLE, FL 34601",3525444093,Yes,"***BY APPOINTMENT ONLY*** Call 800-275-8777 To schedule an appointment, visit: http://www.usps.com/scheduler",235
HERNANDO COUNTY CLERK OF COURT - MAIN OFFICE,Court,"20 N MAIN ST BROOKSVILLE, FL 34601",3525406768,Yes,For appointment please call 352-540-6768 Website: hernandoclerk.org,235
USPS HUDSON POST OFFICE,Postal,"13610 BIG BEND DR HUDSON, FL 34667",7278190073,Yes,"***BY APPOINTMENT ONLY*** To schedule an appointment, visit: http://www.usps.com/scheduler.",235
USPS PAISLEY POST OFFICE,Postal,"24952 COUNTY ROAD 42 PAISLEY, FL 32767",3526694253,Yes,Appointment Not Required | Walk-In,236
HERNANDO COUNTY CLERK OF COURT - SPRING HILL OFFICE,Court,"7405 FOREST OAKS BLVD SPRING HILL, FL 34606",3525406768,Yes,For appointment please contact (352)540-6768 Website: www.hernandoclerk.com,237
USPS DAYTONA BEACH MAIN POST OFFICE,Postal,"500 BILL FRANCE BOULEVARD DAYTONA BEACH, FL 32114",3862746329,Yes,For appointments please visit website usps.com/scheduler,241
LAKE COUNTY CLERK OF COURT - NORTH LAKE BRANCH OFFICE,Court,"902 AVENIDA CENTRAL LADY LAKE, FL 32159",3527532064,Yes,*Appointment Required - to schedule appointment please call 352-753-2064 or Website: www.lakecountyclerk.org,241
USPS DE LEON SPRINGS POST OFFICE,Postal,"155 PONCE DE LEON BLVD DE LEON SPRINGS, FL 32130",3869854326,Yes,"***BY APPOINTMENT ONLY*** To schedule an appointment, visit: http://www.usps.com/scheduler.",244
"ANGELA VICK, CITRUS COUNTY CLERK OF THE CIRCUIT COURT AND COMPTOLLER",Court,"CLERK ANNEX 120 N. MONTGOMERY AVENUE INVERNESS, FL 34450",3523416424,Yes,For appointments visit Website: https://www.citrusclerk.org,245
USPS SUMMERFIELD POST OFFICE,Postal,"14560 S US HWY 301 SUMMERFIELD, FL 34491",3522452784,Yes,"***BY APPOINTMENT ONLY*** To schedule an appointment, visit: http://www.usps.com/scheduler.",249
PUTNAM COUNTY CLERK OF COURT - CRESCENT CITY SATELLITE OFFICE,Court,"115 N SUMMIT ST CRESCENT CITY, FL 32190",3866981217,No,Appointment Not Required | Walk-In,257
USPS HOLDER POST OFFICE,Postal,"6906 N FLORIDA AVE HOLDER, FL 34445",3524895351,Yes,"***BY APPOINTMENT ONLY*** To schedule an appointment, visit: http://www.usps.com/scheduler.",257
ANGELA VICK CLERK OF THE CIRCUIT COURT AND COMPTROLLER - CRYSTAL RIVER,Court,"1540 N MEADOWCREST BLVD. CRYSTAL RIVER, FL 34429",3523416424,Yes,By Appointment Only - Website: https://www.citrusclerk.org,258
FLAGLER COUNTY PUBLIC LIBRARY- BUNNELL BRANCH,Library,"103 E. MOODY BLVD. BUNNELL, FL 32110",3864377390,Yes,To Schedule appointments please contact them at 386-437-7390 Website: www.flaglerlibrary.org,261
USPS BUNNELL MAIN POST OFFICE,Postal,"704 E MOODY BVLD BUNNELL, FL 32110",3864378453,Yes,"***BY APPOINTMENT ONLY*** To schedule an appointment, visit: http://www.usps.com/scheduler.",261
OCALA PADDOCK BRANCH,Postal,"4545 S.W. 60TH AVENUE OCALA, FL 34474",3524217176,Yes,"***BY APPOINTMENT ONLY*** To schedule an appointment, visit: http://www.usps.com/scheduler",262
MARION COUNTY CLERK OF COURT - ANNEX BUILDING,Court,"19 NORTHWEST PINE AVENUE OCALA, FL 34475",3526715588,No,No Appointment Required / Walk-Ins Welcome Visit Website: www.marioncountyclerk.org,266
FLAGLER COUNTY PUBLIC LIBRARY - MAIN BRANCH,Library,"2500 PALM COAST PKWY NW PALM COAST, FL 32137",3864466763,Yes,"Walk In: Monday-Friday Saturday by appointment only, please contact (386)446-6763 #2",270
USPS REDDICK POST OFFICE,Postal,"15373 NW GAINESVILLE RD REDDICK, FL 32686",3525912832,Yes,Appointment Not Required | Walk-In To schedule appointment call 352-591-2832,280
USPS INTERLACHEN POST OFFICE,Postal,"100 MATHE AVE INTERLACHEN, FL 32148",3866842228,Yes,"To schedule an appointment, visit USPS.com Website and click on Schedule An Appointment",284
PUTNAM COUNTY CLERK OF COURT - RECORDING DEPARTMENT,Court,"518 ST. JOHNS AVE PALATKA, FL 32177",3863267680,No,Appointment Not Required | Walk-In,287
ST. JOHNS COUNTY CLERK OF COURTS - MAIN OFFICE,Court,"4010 LEWIS SPEEDWAY ST. AUGUSTINE, FL 32084",9048193632,No,***Appointment Not Required | Walk-In*** Website: https://stjohnsclerk.com,292
USPS ARCHER POST OFFICE,Postal,"13553 SW STATE ROAD 45 ARCHER, FL 32618",3524952565,Yes,"***BY APPOINTMENT ONLY*** To schedule an appointment, visit: http://www.usps.com/scheduler.",296
ALACHUA COUNTY CLERK OF COURT - FAMILY/CIVIL JUSTICE CENTER,Court,"201 E UNIVERSITY AVE GAINESVILLE, FL 32601",3523743625,Yes,Appointments Required - Call 352-374-3636 or 352-374-3625 for further assistance.,296
USPS MAIN STREET STATION,Postal,"1401 N MAIN ST GAINESVILLE, FL 32601",3522716392,Yes,"***BY APPOINTMENT ONLY*** To schedule an appointment, visit: http://www.usps.com/scheduler.",296
UNIVERSITY OF FLORIDA - MAIL AND DOCUMENT SERVICES,School,"3030 RADIO RD GAINESVILLE, FL 32611",3523921134,Yes,By appointment contact (352)392-1134 businessservices.ufl.edu/services/passport-services,297
CLAY COUNTY CLERK OF COURT - MAIN OFFICE,Court,"825 N ORANGE AVE GREEN COVE SPRINGS, FL 32043",9045293714,No,Appointments please call 904-529-3714 Website: clayclerk.com/our-services/passports,303
GILCHRIST COUNTY CLERK OF COURT,Court,"112 S MAIN ST TRENTON, FL 32693",3524633170,Yes,For appointment please call 352-463-3170 Website: gilchristclerk.com,310
BRADFORD COUNTY CLERK OF COURT,Court,"945 N TEMPLE AVE STARKE, FL 32091",9049666280,Yes,Appointment Required - Call 904-966-6280 Website: bradfordcountyfl.gov,311
USPS FLEMING ISLAND POST OFFICE,Postal,"1880 EASTWEST PKWY FLEMING ISLAND, FL 32003",9042648913,Yes,"***BY APPOINTMENT ONLY*** To schedule an appointment, visit: http://www.usps.com/scheduler.",312
PONTE VEDRA BEACH POST OFFICE,Postal,"130 CORRIDOR ROAD PONTE VEDRA BEACH, FL 32082",9046863955,No,"BY APPOINTMENT ONLY - To schedule an appointment, Visit: http://www.usps.com/scheduler",312
USPS MANDARIN POST OFFICE,Postal,"4411 SUNBEAM RD JACKSONVILLE, FL 32257",9043664852,Yes,"***BY APPOINTMENT ONLY*** To schedule an appointment, visit: http://www.usps.com/scheduler.",316
CLAY COUNTY CLERK OF COURT - ORANGE PARK BRANCH,Court,"1478 PARK AVE ORANGE PARK, FL 32073",9045412784,No,By Appointment Only**Please call 904-541-2784 for further assistance - visit: clayclerk.com,317
USPS POTTSBURG STATION,Postal,"10700 BEACH BLVD JACKSONVILLE, FL 32246",9046412172,Yes,"***BY APPOINTMENT ONLY*** To schedule an appointment, visit: http://www.usps.com/scheduler.",321
DUVAL COUNTY CLERK OF COURT - BEACHES BRANCH,Court,"1543 ALTANTIC BLVD NEPTUNE BEACH, FL 32266",9042552000,No,For Appointment visit website: https://www2.duvalclerk.com,321
UNION COUNTY CLERK OF COURTS,Court,"55 W MAIN ST LAKE BUTLER, FL 32054",3864963711,No,Appointment Not Required | Walk-In / Website: unionclerk.com,323
DUVAL COUNTY CLERK OF COURT - DOWNTOWN COURTHOUSE,Court,"501 W ADAMS ST JACKSONVILLE, FL 32202",9042551930,No,By Appointments Only Website: www.duvalclerk.com,326
USPS JACKSONVILLE MAIN OFFICE WINDOW UNIT,Postal,"1100 KINGS ROAD JACKSONVILLE, FL 32203",9043664888,Yes,"***BY APPOINTMENT ONLY*** To schedule an appointment, visit https://www.usps.com/scheduler.",327
BAKER COUNTY CLERK OF COURT,Court,"339 E MACCLENNY AVE MACCLENNY, FL 32063",9042598113,No,***No Appointment Required/ Walk-In***,331
USPS GLEN SAINT MARY POST OFFICE,Postal,"7345 W MOUNT VERNON ST GLEN SAINT MARY, FL 32040",9042596789,Yes,"***BY APPOINTMENT ONLY*** To schedule an appointment, visit: http://www.usps.com/scheduler.",332
LAFAYETTE COUNTY CLERK OF COURT,Court,"120 W MAIN ST MAYO, FL 32066",3862941600,No,***No Appointment Required***,341
USPS MAYO POST OFFICE,Postal,"157 E MAIN ST MAYO, FL 32066",3862941623,Yes,Appointment Not Required | Walk-In To schedule appointment: 386-294-1623 website: usps.com/scheduler,341
NASSAU COUNTY PUBLIC LIBRARY SYSTEM - FERNANDINA BEACH BRANCH,Library,"25 N 4TH ST FERNANDINA BEACH, FL 32034",9045306500,Yes,No Appointments Needed Please call 904-530-6500 or go to Website: www.nassaureads.com,342
USPS FERNANDINA BEACH MAIN POST OFFICE,Postal,"1997 SADLER RD FERNANDINA BEACH, FL 32034",9044914680,Yes,"***BY APPOINTMENT ONLY*** To schedule an appointment, visit: http://www.usps.com/scheduler.",342
COLUMBIA COUNTY CLERK OF COURT,Court,"173 NE HERNANDO AVE LAKE CITY, FL 32055",3867547005,No,Appointment Not Required | Walk-In,343
SUWANNEE COUNTY CLERK OF COURT,Court,"200 S OHIO AVE LIVE OAK, FL 32064",3863620500,No,Appointment Not Required | Walk-In,355
SAINT MARYS POST OFFICE,Postal,"724 CHARLIE SMITH SR HWY ST. MARYS, GA 31558",9127293301,Yes,APPOINTMENTS ONLY: VISIT WWW.USPS.COM/SCHEDULER.,355
CAMDEN COUNTY SUPERIOR COURT,Court,"210 EAST 4TH STREET WOODBINE, GA 31569",9125765631,No,This office does not process hand-carry applications.,365
MADISON COUNTY CLERK OF COURT,Court,"125 SW RANGE AVE MADISON, FL 32340",8509731500,No,Appointment Not Required | Walk-In,377
BRUNSWICK MAIN,Postal,"805 GLOUCESTER STREET BRUNSWICK, GA 31520",9122801250,Yes,TO SCHEDULE AN APPOINTMENT VISIT WWW.USPS.COM/SCHEDULER,380
GLYNN COUNTY SUPERIOR COURT,Court,"701 H STREET BRUNSWICK, GA 31520",9125547313,No,"Call 912 554-7313. No Credit / Debit Cards.Check, Money Order for US Dept of State and Clerk of Superior co. Separate payment",380
LAKE PARK POST OFFICE,Postal,"687 LAKES BLVD LAKE PARK, GA 31636",2295597843,Yes,To schedule an appointment visit https://tools.usps.com/rcas.htm,384
BRANTLEY COUNTY SUPERIOR COURT,Court,"234 BRANTLEY STREET NAHUNTA, GA 31553",9124625635,No,Appointments are required please call (912)462-5635,387
WAKULLA COUNTY CLERK OF COURT,Court,"3056 CRAWFORDVILLE HWY CRAWFORDVILLE, FL 32327",8509260300,Yes,***No Appointment Required***,395
CLINCH COUNTY SUPERIOR COURT,Court,"25 COURT SQUARE HOMERVILLE, GA 31634",9124875854,No,"Appointments call (912)487-5854,",396
JEFFERSON COUNTY CLERK OF COURT,Court,"1 COURTHOUSE CIR MONTICELLO, FL 32344",8503420218,No,Appointment Not Required | Walk-In,398
SUPERIOR COURT WARE COUNTY,Court,"800 CHURCH STREET WAYCROSS, GA 31501",9122874340,No,,398
NORTHSIDE VALDOSTA STATION,Postal,"3698 INNER PERIMETER RD VALDOSTA, GA 31602",2292417209,Yes,VISIT WWW. USPS.COM/SCHEDULER,400
PIERCE COUNTY CLERKS OFFICE,County / State,"3550 HWY 84 BLACKSHEAR, GA 31516",9124492020,No,,401
FRANKLIN COUNTY CLERK OF COURT - FRANKLIN COUNTY COURTHOUSE,Court,"33 MARKET ST APALACHICOLA, FL 32320",8506538861,No,Appointment Not Required | Walk-In,405
USPS TALLAHASSEE POST OFFICE,Postal,"2800 S ADAMS ST TALLAHASSEE, FL 32301",8502164286,Yes,"***BY APPOINTMENT ONLY*** To schedule an appointment, visit: http://www.usps.com/scheduler.",405
FLORIDA STATE UNIVERSITY - INTERNATIONAL PROGRAMS OFFICE,School,"282 CHAMPIONS WAY TALLAHASSEE, FL 32306",8506459714,Yes,By Appointment Only - Schedule online at Website: https://international.fsu.edu/Passports.aspx,407
WAYNE COUNTY SUPERIOR COURT,Court,"174 N BRUNSWICK ST JESUP, GA 31546",9124275930,No,Appointments please call (912)427-5930,413
LEON COUNTY CLERK OF COURT - NORTHEAST BRANCH,Court,"1276 METROPOLITAN BLVD TALLAHASSEE, FL 32312",8506064060,Yes,*No Appointment Required* Website: www.leoncounty.com,414
