Name,Type,Address,Phone,PhotoOnSite,Comments,Distance,url,domain,phone,NeedsAppointment,zip
USPS JOSE MARTI STATION,Postal,"425 NW 27TH AVE MIAMI, FL 33125",3055412782,Yes,"***BY APPOINTMENT ONLY*** To schedule an appointment, visit: http://www.usps.com/international/passport.htm",3,https://usps.com/scheduler,usps,,True,33125
USPS MIAMI BEACH MAIN POST OFFICE,Postal,"1300 WASHINGTON AVENUE MIAMI BEACH, FL 33139",3055385187,Yes,"***BY APPOINTMENT ONLY*** 305 672-2447 To schedule an appointment, visit: http://www.usps.com/scheduler.",3,https://usps.com/scheduler,usps,305-672-2447,True,33139
USPS LITTLE RIVER BRANCH,Postal,"140 NE 84TH ST MIAMI, FL 33138",3057541906,Yes,"***BY APPOINTMENT ONLY*** To schedule an appointment, visit: http://www.usps.com/international/passports.htm",4,https://usps.com/scheduler,usps,,True,33138
USPS OCEAN VIEW POST OFFICE,Postal,"445 W 40TH ST MIAMI BEACH, FL 33140",3055386536,Yes,"***BY APPOINTMENT ONLY*** To schedule an appointment, visit: http://www.usps.com/scheduler.",4,https://usps.com/scheduler,usps,,True,33140
USPS HIALEAH MAIN POST OFFICE,Postal,"325 E 1ST AVE HIALEAH, FL 33010",3058895421,Yes,***By Appointments** Visit Website: https://www.usps.com/international/passports.htm,6,https://usps.com/scheduler,usps,,Unknown,33010
USPS KEY BISCAYNE BRANCH,Postal,"951 CRANDON BLVD KEY BISCAYNE, FL 33149",3053619149,Yes,"***BY APPOINTMENT ONLY*** To schedule an appointment, visit: http://www.usps.com/international/passports.htm",6,https://usps.com/scheduler,usps,,True,33149
USPS NORMANDY POST OFFICE,Postal,"525 71ST ST MIAMI BEACH, FL 33141",3058649868,Yes,"***BY APPOINTMENT ONLY*** To schedule an appointment, visit: http://www.usps.com/scheduler or call 1-855-864-3379",6,https://usps.com/scheduler,usps,855-864-3379,True,33141
USPS MIAMI GENERAL MAIL FACILITY,Postal,"2200 NW 72ND AVE MIAMI, FL 33152",3054700381,Yes,***BY APPOINTMENT ONLY*** Call 855-864-3379 Website: http://www.usps.com/international/passports.htm,7,https://usps.com/scheduler,usps,855-864-3379,True,33152
USPS PROMENADE BRANCH,Postal,"3690 W 18TH AVE HIALEAH, FL 33012",3058199945,Yes,***For appointment visit website: https://www.usps.com/international/passports.htm,8,https://usps.com/scheduler,usps,,Unknown,33012
USPS SOUTH MIAMI BRANCH,Postal,"5927 SW 70TH ST MIAMI, FL 33143",3056615435,Yes,"***BY APPOINTMENT ONLY*** To schedule an appointment, visit: http://www.usps.com/scheduler.",8,https://usps.com/scheduler,usps,,True,33143
USPS NORTH MIAMI BRANCH,Postal,"14311 BISCAYNE BLVD NORTH MIAMI, FL 33181",3053544612,Yes,"***BY APPOINTMENT ONLY*** To schedule an appointment, visit: http://www.usps.com/scheduler.",8,https://usps.com/scheduler,usps,,True,33181
USPS PALMETTO LAKES POST OFFICE,Postal,"5375 NW 159TH ST HIALEAH, FL 33014",3056237993,Yes,"***BY APPOINTMENT ONLY*** To schedule an appointment, visit: http://www.usps.com/scheduler.",10,https://usps.com/scheduler,usps,,True,33014
USPS EL MERCADO POSTAL STORE,Postal,"2440 W 60TH ST HIALEAH, FL 33016",3058229954,Yes,"***BY APPOINTMENT ONLY*** To schedule an appointment, visit: http://www.usps.com/scheduler.",11,https://usps.com/scheduler,usps,,True,33016
USPS KENDALL FINANCE UNIT,Postal,"8821 SW 136TH ST MIAMI, FL 33176",3052351546,Yes,"***BY APPOINTMENT ONLY*** To schedule an appointment, visit: http://www.usps.com/international/passports.htm",13,https://usps.com/scheduler,usps,,True,33176
USPS SNAPPER CREEK BRANCH,Postal,"11000 SW 104TH ST MIAMI, FL 33116",3052700335,Yes,"***BY APPOINTMENT ONLY*** To schedule an appointment, visit: http://www.usps.com/scheduler.",13,https://usps.com/scheduler,usps,,True,33116
USPS TOWN AND COUNTRY POSTAL STORE,Postal,"8266 MILLS DR MIAMI, FL 33283",3052790679,Yes,"***BY APPOINTMENT ONLY*** 1-855-864-3379 To schedule an appointment, visit: http://www.usps.com/scheduler.",13,https://usps.com/scheduler,usps,855-864-3379,True,33283
USPS HALLANDALE MAIN POST OFFICE,Postal,"500 S FEDERAL HWY HALLANDALE BEACH, FL 33009",9544559733,Yes,"***BY APPOINTMENT ONLY*** To schedule an appointment, visit: http://www.usps.com/international/passports.htm",14,https://usps.com/scheduler,usps,,True,33009
USPS HOLLYWOOD MAIN POST OFFICE,Postal,"1801 POLK ST HOLLYWOOD, FL 33022",9549268669,Yes,"***BY APPOINTMENT ONLY*** To schedule an appointment, visit: http://www.usps.com/scheduler.",16,https://usps.com/scheduler,usps,,True,33022
USPS QUAIL HEIGHTS BRANCH,Postal,"10360 SW 186TH ST MIAMI, FL 33197",3052534910,Yes,"***BY APPOINTMENT ONLY*** To schedule an appointment, visit: http://www.usps.com/scheduler.",16,https://usps.com/scheduler,usps,,True,33197
USPS DANIA POST OFFICE,Postal,"21 NW 1ST AVE DANIA, FL 33004",9543746236,No,"***BY APPOINTMENT ONLY*** To schedule an appointment, visit: http://www.usps.com/international/passports.htm",18,https://usps.com/scheduler,usps,,True,33004
USPS ALRIDGE STATION,Postal,"400 NW 7TH AVE FORT LAUDERDALE, FL 33311",9545232699,Yes,"***BY APPOINTMENT ONLY*** To schedule an appointment, visit: http://www.usps.com/scheduler.",24,https://usps.com/scheduler,usps,,True,33311
USPS EVERGLADES BRANCH,Postal,"6759 SW 196TH AVE FORT LAUDERDALE, FL 33332",9544348517,Yes,"***BY APPOINTMENT ONLY*** To schedule an appointment, visit: http://www.usps.com/scheduler.",25,https://usps.com/scheduler,usps,,True,33332
USPS FORT LAUDERDALE MAIN POST OFFICE,Postal,"1900 W OAKLAND PARK BLVD FORT LAUDERDALE, FL 33310",9545273245,Yes,"***BY APPOINTMENT ONLY*** To schedule an appointment, visit: http://www.usps.com/scheduler.",26,https://usps.com/scheduler,usps,,True,33310
USPS SUNRISE BRANCH,Postal,"3225 N HIATUS RD SUNRISE, FL 33345",9547464910,Yes,"***BY APPOINTMENT ONLY*** To schedule an appointment, visit: http://www.usps.com/scheduler.",27,https://usps.com/scheduler,usps,,True,33345
USPS HOMESTEAD MAIN POST OFFICE,Postal,"739 WASHINGTON AVE HOMESTEAD, FL 33030",3052474689,Yes,"***BY APPOINTMENT ONLY*** To schedule an appointment, visit: https://www.usps.com/international/passports.htm",28,https://usps.com/scheduler,usps,,True,33030
USPS DEERFIELD BEACH POST OFFICE,Postal,"212 E HILLSBORO BLVD DEERFIELD BEACH, FL 33441",9544210812,Yes,"***BY APPOINTMENT ONLY*** To schedule an appointment, visit: http://www.usps.com/international/passports.htm",36,https://usps.com/scheduler,usps,,True,33441
USPS DOWNTOWN BOCA RATON POST OFFICE,Postal,"170 NE 2ND ST BOCA RATON, FL 33432",5613628136,Yes,"***BY APPOINTMENT ONLY*** To schedule an appointment, visit: http://www.usps.com/scheduler.",39,https://usps.com/scheduler,usps,,True,33432
USPS BOYNTON BEACH MAIN POST OFFICE,Postal,"1530 W BOYNTON BEACH BLVD BOYNTON BEACH, FL 33436",5617371702,Yes,"***BY APPOINTMENT ONLY*** To schedule an appointment, visit: http://www.usps.com/scheduler.",50,https://usps.com/scheduler,usps,,True,33436
USPS TAVERNIER POST OFFICE,Postal,"91220 OVERSEAS HWY TAVERNIER, FL 33070",3058531230,Yes,"***BY APPOINTMENT ONLY*** To schedule an appointment, visit: http://www.usps.com/scheduler.",57,https://usps.com/scheduler,usps,,True,33070
USPS PALMS WEST POST OFFICE,Postal,"10299 SOUTHERN BLVD ROYAL PALM BEACH, FL 33411",5612463482,Yes,"***BY APPOINTMENT ONLY*** To schedule an appointment, visit: http://www.usps.com/scheduler.",64,https://usps.com/scheduler,usps,,True,33411
USPS DOWNTOWN WEST PALM BEACH POST OFFICE,Postal,"640 CLEMATIS ST WEST PALM BEACH, FL 33401",5618330929,Yes,"***BY APPOINTMENT ONLY*** To schedule an appointment, visit: http://www.usps.com/scheduler.",64,https://usps.com/scheduler,usps,,True,33401
USPS HAVERHILL STATION,Postal,"3900 N HAVERHILL RD WEST PALM BEACH, FL 33417",5616830683,Yes,"***BY APPOINTMENT ONLY*** To schedule an appointment, visit: http://www.usps.com/scheduler.",64,https://usps.com/scheduler,usps,,True,33417
USPS WEST PALM BEACH MOWU,Postal,"3200 SUMMIT BLVD WEST PALM BEACH, FL 33416",5616972123,Yes,Appointments- Website: usps.com/scheduler,64,https://usps.com/scheduler,usps,,Unknown,33416
USPS RIVIERA BEACH POST OFFICE,Postal,"1905 W BLUE HERON BLVD RIVIERA BEACH, FL 33404",5618411920,Yes,***BY APPOINTMENT ONLY**To schedule an appointment visit: http://www.usps.com/international/passports.htm,69,https://usps.com/scheduler,usps,,True,33404
USPS ISLAMORADA POST OFFICE,Postal,"82801 OVERSEAS HWY ISLAMORADA, FL 33036",3056644738,Yes,"***BY APPOINTMENT ONLY*** To schedule an appointment, visit: http://www.usps.com/scheduler.",71,https://usps.com/scheduler,usps,,True,33036
USPS PALM BEACH GARDENS BRANCH,Postal,"3330 FAIRCHILD GARDENS AVE PALM BEACH GARDENS, FL 33410",5617994068,Yes,***By Appointment Only** Visit our Website: https://www.usps.com/international/passports.htm,74,https://usps.com/scheduler,usps,,True,33410
USPS INDIANTOWN POST OFFICE,Postal,"15300 SW ADAMS AVE INDIANTOWN, FL 34956",7725972406,Yes,"***BY APPOINTMENT ONLY*** To schedule an appointment, visit: http://www.usps.com/scheduler.",93,https://usps.com/scheduler,usps,,True,34956
USPS JENSEN BEACH POST OFFICE,Postal,"2301 NE SAVANNAH RD JENSEN BEACH, FL 34957",7722320869,Yes,"***BY APPOINTMENT ONLY*** To schedule an appointment, visit: http://www.usps.com/scheduler.",100,https://usps.com/scheduler,usps,,True,34957
USPS BONITA SPRINGS POST OFFICE,Postal,"26150 OLD 41ST ROAD BONITA SPRINGS, FL 34135",2399929742,Yes,"***BY APPOINTMENT ONLY*** For appointments, visit www.usps.com/scheduler",104,https://usps.com/scheduler,usps,,True,34135
USPS BIG PINE KEY POST OFFICE,Postal,"29959 OVERSEAS HWY BIG PINE KEY, FL 33043",3058722531,Yes,"***BY APPOINTMENT ONLY*** To schedule an appointment, visit: http://www.usps.com/international/passports.htm",105,https://usps.com/scheduler,usps,,True,33043
USPS LEHIGH ACRES POST OFFICE,Postal,"1201 BUSINESS WAY LEHIGH ACRES, FL 33936",2393698911,Yes,"***BY APPOINTMENT ONLY*** To schedule an appointment, visit: http://www.usps.com/scheduler.",105,https://usps.com/scheduler,usps,,True,33936
USPS ALVA POST OFFICE,Postal,"17301 BROADWAY ST ALVA, FL 33920",2397283924,Yes,"***BY APPOINTMENT ONLY*** To schedule an appointment, visit: http://www.usps.com/scheduler.",109,https://usps.com/scheduler,usps,,True,33920
USPS FORT PIERCE MAIN POST OFFICE,Postal,"5000 W MIDWAY RD FORT PIERCE, FL 34981",7724600841,Yes,"***BY APPOINTMENT ONLY*** To schedule an appointment, visit: http://www.usps.com/scheduler or call 855-864-3379",111,https://usps.com/scheduler,usps,855-864-3379,True,34981
USPS SUMMERLAND KEY POST OFFICE,Postal,"24700 OVERSEAS HWY SUMMERLAND KEY, FL 33042",3057453391,Yes,"***BY APPOINTMENT ONLY*** To schedule an appointment, visit: http://www.usps.com/international/passports.htm",115,https://usps.com/scheduler,usps,,True,33042
USPS PAGE FIELD POST OFFICE,Postal,"2655 N AIRPORT RD FORT MYERS, FL 33907",2392773336,Yes,"***BY APPOINTMENT ONLY*** To schedule an appointment, visit: http://www.usps.com/scheduler.",117,https://usps.com/scheduler,usps,,True,33907
USPS KEY WEST POST OFFICE,Postal,"400 WHITEHEAD ST KEY WEST, FL 33040",3052943982,Yes,"***BY APPOINTMENT ONLY*** To schedule an appointment, visit: http://www.usps.com/international/passports.htm",125,https://usps.com/scheduler,usps,,True,33040
USPS LAKE PLACID POST OFFICE,Postal,"901 HILLCREST AVE LAKE PLACID, FL 33852",8636996777,Yes,"***BY APPOINTMENT ONLY*** (863) 699-6777 To schedule an appointment, visit: http://www.usps.com/scheduler.",126,https://usps.com/scheduler,usps,863-699-6777,True,33852
USPS BOKEELIA MAIN POST OFFICE,Postal,"15980 STRINGFELLOW RD BOKEELIA, FL 33922",2392834258,Yes,"***BY APPOINTMENT ONLY*** To schedule an appointment, visit: http://www.usps.com/scheduler.",134,https://usps.com/scheduler,usps,,True,33922
USPS FELLSMERE POST OFFICE,Postal,"15 N OAK ST FELLSMERE, FL 32948",7725718315,Yes,***BY APPOINTMENT ONLY*** To schedule an appointment you may call 321 571-8315 or visit: http://www.usps.com/scheduler.,139,https://usps.com/scheduler,usps,321-571-8315,True,32948
USPS SEBRING MAIN POST OFFICE,Postal,"518 N RIDGEWOOD DR SEBRING, FL 33870",8633820578,Yes,"***BY APPOINTMENT ONLY*** To schedule an appointment, visit: http://www.usps.com/scheduler.",141,https://usps.com/scheduler,usps,,True,33870
ROSELAND POST OFFICE,Postal,"13305 ROSELAND ROAD ROSELAND, FL 32957",7725895095,Yes,"***BY APPOINTMENT ONLY*** To schedule an appointment, visit: http://www.usps.com/scheduler",142,https://usps.com/scheduler,usps,,True,32957
USPS LAKE JACKSON BRANCH,Postal,"829 MALL RING RD SEBRING, FL 33872",8633824633,No,"***BY APPOINTMENT ONLY*** To schedule an appointment, visit: http://www.usps.com/scheduler.",143,https://usps.com/scheduler,usps,,True,33872
USPS ENGLEWOOD MAIN POST OFFICE,Postal,"950 S RIVER RD ENGLEWOOD, FL 34223",9414758372,Yes,"***BY APPOINTMENT ONLY*** To schedule an appointment, visit: http://www.usps.com/scheduler.",157,https://usps.com/scheduler,usps,,True,34223
USPS WAUCHULA MAIN POST OFFICE,Postal,"300 E MAIN ST WAUCHULA, FL 33873",8637735811,Yes,"***BY APPOINTMENT ONLY*** To schedule an appointment, visit: http://www.usps.com/scheduler.",158,https://usps.com/scheduler,usps,,True,33873
USPS MELBOURNE MAIN POST OFFICE,Postal,"640 E NEW HAVEN AVE MELBOURNE, FL 32901",3217241488,Yes,"***BY APPOINTMENT ONLY*** To schedule an appointment, visit: http://www.usps.com/scheduler.",160,https://usps.com/scheduler,usps,,True,32901
USPS GULF GATE POST OFFICE,Postal,"2875 ASHTON RD SARASOTA, FL 34231",9419226522,Yes,"***BY APPOINTMENT ONLY*** To schedule an appointment, visit: http://www.usps.com/rcas.htm",176,https://usps.com/scheduler,usps,,True,34231
USPS HAINES CITY POST OFFICE,Postal,"1051 STATE ROAD 544 E HAINES CITY, FL 33844",8634222901,Yes,"***BY APPOINTMENT ONLY*** To schedule an appointment, visit: http://www.usps.com/scheduler.",179,https://usps.com/scheduler,usps,,True,33844
USPS WINTER HAVEN MAIN POST OFFICE,Postal,"111 W CENTRAL AVE WINTER HAVEN, FL 33880",8632993296,Yes,"***BY APPOINTMENT ONLY*** To schedule an appointment, visit: http://www.usps.com/scheduler.",179,https://usps.com/scheduler,usps,,True,33880
USPS COCOA POST OFFICE,Postal,"2000 STATE ROAD 524 COCOA, FL 32926",3216327190,Yes,"***BY APPOINTMENT ONLY*** To schedule an appointment, visit: http://www.usps.com/scheduler.",184,https://usps.com/scheduler,usps,,True,32926
USPS ONECO POST OFFICE,Postal,"2333 53RD AVE E ONECO, FL 34264",9417524019,Yes,"***BY APPOINTMENT ONLY*** To schedule an appointment, visit: http://www.usps.com/scheduler.",185,https://usps.com/scheduler,usps,,True,34264
USPS WIMAUMA POST OFFICE,Postal,"5608 STATE ROAD 674 WIMAUMA, FL 33598",8136344282,Yes,"***BY APPOINTMENT ONLY*** To schedule an appointment, visit: http://www.usps.com/scheduler.",186,https://usps.com/scheduler,usps,,True,33598
USPS LAKELAND MAIN POST OFFICE,Postal,"2800 LAKELAND HILLS BLVD LAKELAND, FL 33805",8638022000,Yes,"BY APPOINTMENT ONLY - To schedule an appointment, visit: http://www.usps.com/scheduler.",192,https://usps.com/scheduler,usps,,True,33805
USPS PLANT CITY POST OFFICE,Postal,"2501 WALDEN WOODS DR PLANT CITY, FL 33566",8137196733,Yes,"***BY APPOINTMENT ONLY*** To schedule an appointment, visit: http://www.usps.com/scheduler.",192,https://usps.com/scheduler,usps,,True,33566
USPS RIVERVIEW POST OFFICE,Postal,"10810 BOYETTE RD RIVERVIEW, FL 33569",8136724562,Yes,***BY APPOINTMENT ONLY*** To schedule an appointment visit www.usps.com/scheduler,192,https://usps.com/scheduler,usps,,True,33569
USPS CHRISTMAS POST OFFICE,Postal,"23580 E COLONIAL DR CHRISTMAS, FL 32709",4075682941,Yes,"***BY APPOINTMENT ONLY*** To schedule an appointment, visit: http://www.usps.com/scheduler.",193,https://usps.com/scheduler,usps,,True,32709
USPS CORTEZ POST OFFICE,Postal,"12112 44TH AVE W CORTEZ, FL 34215",9417941219,Yes,"***BY APPOINTMENT ONLY*** To schedule an appointment, visit: http://www.usps.com/scheduler.",193,https://usps.com/scheduler,usps,,True,34215
USPS SOUTH CREEK POST OFFICE,Postal,"1701 WEST WETHERBEE ROAD ORLANDO, FL 32837",4078556558,Yes,***BY APPOINTMENT ONLY*** Visit http://www.usps.com/scheduler to make an appointment.,194,https://usps.com/scheduler,usps,,True,32837
USPS BRANDON POST OFFICE,Postal,"1315 OAKFIELD DR BRANDON, FL 33511",8136611503,Yes,"***BY APPOINTMENT ONLY*** To schedule an appointment, visit: http://www.usps.com/scheduler.",195,https://usps.com/scheduler,usps,,True,33511
USPS VALRICO POST OFFICE,Postal,"2406 STATE ROAD 60 E VALRICO, FL 33594",8136570495,Yes,To schedule an appointment visit www.usps.com/scheduler,195,https://usps.com/scheduler,usps,,Unknown,33594
USPS POLK CITY POST OFFICE,Postal,"112 CARTER BLVD POLK CITY, FL 33868",8639844547,Yes,"***BY APPOINTMENT ONLY*** To schedule an appointment, visit: http://tools.usps.com/rcas.htm",197,https://usps.com/scheduler,usps,,True,33868
USPS ALAFAYA POST OFFICE,Postal,"650 NORTH ALAFAYA TRAIL ORLANDO, FL 32828",4072736788,Yes,"***BY APPOINTMENT ONLY*** To schedule an appointment, visit: http://www.usps.com/scheduler.",199,https://usps.com/scheduler,usps,,True,32828
USPS FALKENBURG BRANCH,Postal,"10121 E ADAMO DR TAMPA, FL 33619",8136260654,Yes,"***BY APPOINTMENT ONLY*** To schedule an appointment, visit: http://www.usps.com/scheduler.",199,https://usps.com/scheduler,usps,,True,33619
USPS SAND LAKE BRANCH,Postal,"10450 TURKEY LAKE RD ORLANDO, FL 32819",4073510613,Yes,"***BY APPOINTMENT ONLY*** To schedule an appointment, visit: http://www.usps.com/scheduler.",200,https://usps.com/scheduler,usps,,True,32819
USPS DIXIE VILLAGE STATION,Postal,"2860 DELANEY AVE ORLANDO, FL 32806",4074252868,Yes,"***BY APPOINTMENT ONLY*** To schedule an appointment, visit: http://www.usps.com/scheduler.",201,https://usps.com/scheduler,usps,,True,32806
KATHLEEN POST OFFICE,Postal,"6136 KATHLEEN ROAD KATHLEEN, FL 33849",8638162201,Yes,"***BY APPOINTMENT ONLY*** To schedule an appointment, visit: http://www.usps.com/scheduler",203,https://usps.com/scheduler,usps,,True,33849
USPS DOWNTOWN ORLANDO STATION,Postal,"51 E JEFFERSON ST ORLANDO, FL 32801",4074233709,Yes,"***BY APPOINTMENT ONLY*** To schedule an appointment, visit: http://www.usps.com/scheduler.",203,https://usps.com/scheduler,usps,,True,32801
USPS ORLANDO MOWU,Postal,"10401 POST OFFICE BOULEVARD ORLANDO, FL 32862",4078506334,Yes,"***BY APPOINTMENT ONLY*** To schedule an appointment, visit: http://www.usps.com/scheduler.",203,https://usps.com/scheduler,usps,,True,32862
USPS HERNDON POST OFFICE,Postal,"821 HERNDON AVE ORLANDO, FL 32814",4078973469,Yes,"***BY APPOINTMENT ONLY*** To schedule an appointment, visit: http://www.usps.com/scheduler.",204,https://usps.com/scheduler,usps,,True,32814
USPS GULFWINDS STATION,Postal,"4222 22ND AVE S ST. PETERSBURG, FL 33711",7273278469,Yes,"***BY APPOINTMENT ONLY*** To schedule an appointment call 727-327-8469, visit: http://www.usps.com/scheduler.",205,https://usps.com/scheduler,usps,727-327-8469,True,33711
USPS MIMS POST OFFICE,Postal,"3405 KELLY RD MIMS, FL 32754",3212675122,Yes,Appointments - Website: usps.com/scheduler http://tools.usps.com,207,https://usps.com/scheduler,usps,,Unknown,32754
USPS GATEWAY STATION,Postal,"701 77TH AVE N ST. PETERSBURG, FL 33702",7275782802,Yes,"***BY APPOINTMENT ONLY*** To schedule an appointment, visit: http://www.usps.com/scheduler.",207,https://usps.com/scheduler,usps,,True,33702
USPS TAMPA MOWU,Postal,"3501 BESSIE COLEMAN BLVD TAMPA, FL 33630",8138770395,Yes,"***BY APPOINTMENT ONLY*** To schedule an appointment, visit: http://www.usps.com/scheduler.",208,https://usps.com/scheduler,usps,,True,33630
USPS NEW TAMPA POST OFFICE,Postal,"16350 BRUCE B DOWNS BLVD TAMPA, FL 33647",8139107987,Yes,"***BY APPOINTMENT ONLY*** Including Saturdays To schedule an appointment, visit: http://tools.usps.com/rcas.htm",209,https://usps.com/scheduler,usps,,True,33647
USPS ZEPHYRHILLS POST OFFICE,Postal,"38032 POSTAL DR ZEPHYRHILLS, FL 33542",8137150149,Yes,"***BY APPOINTMENT ONLY*** To schedule an appointment, visit: http://www.usps.com/passports",209,https://usps.com/scheduler,usps,,True,33542
USPS CASSELBERRY MAIN POST OFFICE,Postal,"109 LIVE OAKS BLVD CASSELBERRY, FL 32707",4073397288,Yes,"***BY APPOINTMENT ONLY*** To schedule an appointment, visit: http://www.usps.com/scheduler.",210,https://usps.com/scheduler,usps,,True,32707
USPS ORLANDO LOCKHART BRANCH,Postal,"5087 EDGEWATER DRIVE ORLANDO, FL 32810",4072925835,Yes,"***BY APPOINTMENT ONLY*** To schedule an appointment, visit: http://www.usps.com/scheduler.",210,https://usps.com/scheduler,usps,,True,32810
USPS WINTER SPRINGS POST OFFICE,Postal,"1065 E STATE ROAD 434 WINTER SPRINGS, FL 32708",4073274569,Yes,"***BY APPOINTMENT ONLY*** To schedule an appointment, visit: http://www.usps.com/international/passports.htm",211,https://usps.com/scheduler,usps,,True,32708
USPS EHRLICH BRANCH,Postal,"14910 NORTH DALE MABRY HIGHWAY TAMPA, FL 33618",8139083478,Yes,"***BY APPOINTMENT ONLY*** To schedule an appointment, visit: http://www.usps.com/scheduler.",212,https://usps.com/scheduler,usps,,True,33618
USPS OAK HILL POST OFFICE,Postal,"129 EAST HALIFAX AVENUE OAK HILL, FL 32759",3863453574,Yes,For appointments please call 386-345-3574 or visit website: usps.com,213,https://usps.com/scheduler,usps,386-345-3574,Unknown,32759
USPS SEMINOLE POST OFFICE,Postal,"9355 113TH ST SEMINOLE, FL 33772",7273940847,Yes,"***BY APPOINTMENT ONLY*** To schedule an appointment, visit: http://www.usps.com/scheduler.",214,https://usps.com/scheduler,usps,,True,33772
USPS LAND O LAKES MAIN POST OFFICE,Postal,"5230 LAND O LAKES BLVD LAND O LAKES, FL 34639",8139961257,Yes,"***BY APPOINTMENT ONLY*** To schedule an appointment, visit: http://www.usps.com/scheduler.",217,https://usps.com/scheduler,usps,,True,34639
USPS CLEARWATER MAIN POST OFFICE,Postal,"100 S BELCHER RD CLEARWATER, FL 33765",7274642906,Yes,"***BY APPOINTMENT ONLY*** To schedule an appointment, visit: http://www.usps.com/scheduler.",218,https://usps.com/scheduler,usps,,True,33765
USPS INDIAN ROCKS BEACH POST OFFICE,Postal,"204 4TH AVE INDIAN ROCKS BEACH, FL 33785",7275962894,Yes,"***BY APPOINTMENT ONLY*** To schedule an appointment, visit: http://www.usps.com/scheduler.",218,https://usps.com/scheduler,usps,,True,33785
USPS OLDSMAR POST OFFICE,Postal,"3905 TAMPA RD OLDSMAR, FL 34677",8138544660,Yes,"***BY APPOINTMENT ONLY*** To schedule an appointment, visit: http://www.usps.com/scheduler.",219,https://usps.com/scheduler,usps,,True,34677
USPS DEBARY POST OFFICE,Postal,"133 S CHARLES RICHARD BEALL BLVD DEBARY, FL 32713",3866685468,Yes,To schedule an appointment for passport services Website: usps.com/scheduler,224,https://usps.com/scheduler,usps,,Unknown,32713
USPS NEW PORT RICHEY MAIN POST OFFICE,Postal,"6550 MAIN ST NEW PORT RICHEY, FL 34653",7278471659,Yes,"***BY APPOINTMENT ONLY*** To schedule an appointment, visit: http://www.usps.com/scheduler.",229,https://usps.com/scheduler,usps,,True,34653
US POSTAL SERVICE LAKE HELEN FL,Postal,"104 E. MICHIGAN AVE. LAKE HELEN, FL 32744",3862282227,Yes,For appointments visit website: usps.com,230,https://usps.com/scheduler,usps,,Unknown,32744
BROOKSVILLE MAIN POST OFFICE,Postal,"19101 CORTEZ BLVD. BROOKSVILLE, FL 34601",3525444093,Yes,"***BY APPOINTMENT ONLY*** Call 800-275-8777 To schedule an appointment, visit: http://www.usps.com/scheduler",235,https://usps.com/scheduler,usps,800-275-8777,True,34601
USPS HUDSON POST OFFICE,Postal,"13610 BIG BEND DR HUDSON, FL 34667",7278190073,Yes,"***BY APPOINTMENT ONLY*** To schedule an appointment, visit: http://www.usps.com/scheduler.",235,https://usps.com/scheduler,usps,,True,34667
USPS DAYTONA BEACH MAIN POST OFFICE,Postal,"500 BILL FRANCE BOULEVARD DAYTONA BEACH, FL 32114",3862746329,Yes,For appointments please visit website usps.com/scheduler,241,https://usps.com/scheduler,usps,,Unknown,32114
USPS DE LEON SPRINGS POST OFFICE,Postal,"155 PONCE DE LEON BLVD DE LEON SPRINGS, FL 32130",3869854326,Yes,"***BY APPOINTMENT ONLY*** To schedule an appointment, visit: http://www.usps.com/scheduler.",244,https://usps.com/scheduler,usps,,True,32130
USPS SUMMERFIELD POST OFFICE,Postal,"14560 S US HWY 301 SUMMERFIELD, FL 34491",3522452784,Yes,"***BY APPOINTMENT ONLY*** To schedule an appointment, visit: http://www.usps.com/scheduler.",249,https://usps.com/scheduler,usps,,True,34491
USPS HOLDER POST OFFICE,Postal,"6906 N FLORIDA AVE HOLDER, FL 34445",3524895351,Yes,"***BY APPOINTMENT ONLY*** To schedule an appointment, visit: http://www.usps.com/scheduler.",257,https://usps.com/scheduler,usps,,True,34445
USPS BUNNELL MAIN POST OFFICE,Postal,"704 E MOODY BVLD BUNNELL, FL 32110",3864378453,Yes,"***BY APPOINTMENT ONLY*** To schedule an appointment, visit: http://www.usps.com/scheduler.",261,https://usps.com/scheduler,usps,,True,32110
OCALA PADDOCK BRANCH,Postal,"4545 S.W. 60TH AVENUE OCALA, FL 34474",3524217176,Yes,"***BY APPOINTMENT ONLY*** To schedule an appointment, visit: http://www.usps.com/scheduler",262,https://usps.com/scheduler,usps,,True,34474
USPS INTERLACHEN POST OFFICE,Postal,"100 MATHE AVE INTERLACHEN, FL 32148",3866842228,Yes,"To schedule an appointment, visit USPS.com Website and click on Schedule An Appointment",284,https://usps.com/scheduler,usps,,Unknown,32148
USPS ARCHER POST OFFICE,Postal,"13553 SW STATE ROAD 45 ARCHER, FL 32618",3524952565,Yes,"***BY APPOINTMENT ONLY*** To schedule an appointment, visit: http://www.usps.com/scheduler.",296,https://usps.com/scheduler,usps,,True,32618
USPS MAIN STREET STATION,Postal,"1401 N MAIN ST GAINESVILLE, FL 32601",3522716392,Yes,"***BY APPOINTMENT ONLY*** To schedule an appointment, visit: http://www.usps.com/scheduler.",296,https://usps.com/scheduler,usps,,True,32601
USPS FLEMING ISLAND POST OFFICE,Postal,"1880 EASTWEST PKWY FLEMING ISLAND, FL 32003",9042648913,Yes,"***BY APPOINTMENT ONLY*** To schedule an appointment, visit: http://www.usps.com/scheduler.",312,https://usps.com/scheduler,usps,,True,32003
PONTE VEDRA BEACH POST OFFICE,Postal,"130 CORRIDOR ROAD PONTE VEDRA BEACH, FL 32082",9046863955,No,"BY APPOINTMENT ONLY - To schedule an appointment, Visit: http://www.usps.com/scheduler",312,https://usps.com/scheduler,usps,,True,32082
USPS MANDARIN POST OFFICE,Postal,"4411 SUNBEAM RD JACKSONVILLE, FL 32257",9043664852,Yes,"***BY APPOINTMENT ONLY*** To schedule an appointment, visit: http://www.usps.com/scheduler.",316,https://usps.com/scheduler,usps,,True,32257
USPS POTTSBURG STATION,Postal,"10700 BEACH BLVD JACKSONVILLE, FL 32246",9046412172,Yes,"***BY APPOINTMENT ONLY*** To schedule an appointment, visit: http://www.usps.com/scheduler.",321,https://usps.com/scheduler,usps,,True,32246
USPS JACKSONVILLE MAIN OFFICE WINDOW UNIT,Postal,"1100 KINGS ROAD JACKSONVILLE, FL 32203",9043664888,Yes,"***BY APPOINTMENT ONLY*** To schedule an appointment, visit https://www.usps.com/scheduler.",327,https://usps.com/scheduler,usps,,True,32203
USPS GLEN SAINT MARY POST OFFICE,Postal,"7345 W MOUNT VERNON ST GLEN SAINT MARY, FL 32040",9042596789,Yes,"***BY APPOINTMENT ONLY*** To schedule an appointment, visit: http://www.usps.com/scheduler.",332,https://usps.com/scheduler,usps,,True,32040
USPS MAYO POST OFFICE,Postal,"157 E MAIN ST MAYO, FL 32066",3862941623,Yes,Appointment Not Required | Walk-In To schedule appointment: 386-294-1623 website: usps.com/scheduler,341,https://usps.com/scheduler,usps,386-294-1623,False,32066
USPS FERNANDINA BEACH MAIN POST OFFICE,Postal,"1997 SADLER RD FERNANDINA BEACH, FL 32034",9044914680,Yes,"***BY APPOINTMENT ONLY*** To schedule an appointment, visit: http://www.usps.com/scheduler.",342,https://usps.com/scheduler,usps,,True,32034
SAINT MARYS POST OFFICE,Postal,"724 CHARLIE SMITH SR HWY ST. MARYS, GA 31558",9127293301,Yes,APPOINTMENTS ONLY: VISIT WWW.USPS.COM/SCHEDULER.,355,https://usps.com/scheduler,usps,,True,31558
BRUNSWICK MAIN,Postal,"805 GLOUCESTER STREET BRUNSWICK, GA 31520",9122801250,Yes,TO SCHEDULE AN APPOINTMENT VISIT WWW.USPS.COM/SCHEDULER,380,https://usps.com/scheduler,usps,,Unknown,31520
LAKE PARK POST OFFICE,Postal,"687 LAKES BLVD LAKE PARK, GA 31636",2295597843,Yes,To schedule an appointment visit https://tools.usps.com/rcas.htm,384,https://usps.com/scheduler,usps,,Unknown,31636
NORTHSIDE VALDOSTA STATION,Postal,"3698 INNER PERIMETER RD VALDOSTA, GA 31602",2292417209,Yes,VISIT WWW. USPS.COM/SCHEDULER,400,https://usps.com/scheduler,usps,,Unknown,31602
USPS TALLAHASSEE POST OFFICE,Postal,"2800 S ADAMS ST TALLAHASSEE, FL 32301",8502164286,Yes,"***BY APPOINTMENT ONLY*** To schedule an appointment, visit: http://www.usps.com/scheduler.",405,https://usps.com/scheduler,usps,,True,32301
